{
  "generated_at_utc": "2026-03-04T00:58:14Z",
  "num_prediction_files": 10,
  "num_samples_evaluated": 10,
  "num_samples_skipped": 0,
  "overall_ccc": 0.14176400594591101,
  "mean_sample_ccc": 0.08740568467582414
}